Year,Beef,Lamb,Pork,Barley,Corn,Rice,Rye,Wheat,Cocoa,Coffee,Palm oil,Peanuts,Sugar,Tea
1850,76.80694471,78.36911985,55.13065906,116.8384226,98.80268838,124.9669749,189.6575143,98.04872698,79.91210062,138.9906694,117.3051519,,210.8425933,191.1221759
1851,78.46539425,81.92319129,76.30844038,126.4721324,98.94129557,118.7584345,205.8352318,70.05146382,78.66895814,120.2754219,111.8488529,,224.0110079,182.4457594
1852,80.21488969,81.04817723,92.36371987,143.7136162,106.7651641,132.176235,224.2432444,68.53605593,63.19299031,112.3801728,114.6061415,,196.0470169,155.1641505
1853,100.9155064,99.46821751,84.03927551,166.8283937,109.2369243,160.0801068,200.9218993,111.9464869,92.88047956,115.685472,146.2216288,,221.618367,193.1635343
1854,102.3809524,91.52542373,67.31146854,166.4530656,118.1766805,166.2162162,146.9032611,152.599007,94.58436926,123.1751825,174.5454545,,196.0784314,180.6526807
1855,101.7615638,87.25779701,84.30487719,156.7455104,135.8427906,170.6443914,119.3020423,178.457213,91.87550904,116.6932332,155.4176611,,220.9368712,170.4975216
1856,96.6689839,88.95624562,86.45023267,188.184438,97.08020591,133.8199513,187.6526826,144.3562611,93.66384012,129.5058045,151.2408759,,256.3045656,168.6224967
1857,96.21749409,88.06346917,99.91264282,187.2946771,106.9439644,133.9243499,177.4822415,123.6765093,85.80632648,128.7582038,157.4468085,,309.4052751,195.2385282
1858,99.57632176,88.17382439,80.96384645,164.1307881,110.7463326,104.7619048,220.6937656,93.49119322,90.04874453,128.7472026,144.6616541,,264.0129736,196.8768074
1859,98.58797117,90.72212642,88.14957185,156.8981915,124.3123092,117.369727,183.3936435,125.2990213,76.41853754,138.2197388,165.2605459,,245.5505279,218.6994974
1860,100.9925558,95.85734113,101.2427438,171.3739175,107.5652548,140.5707196,193.5643643,132.4284108,71.86981507,147.4343881,168.9330025,,253.4715127,219.523446
1861,95.31615925,88.85404676,66.8236327,159.097382,63.31989147,136.5339578,226.9292148,96.7246951,69.54751648,159.4400474,155.971897,,216.7975387,189.0770432
1862,77.52380952,74.99695784,46.67284931,135.4927954,62.00803321,119.5897436,175.5310245,90.17251897,124.1004299,223.4450059,130.5435897,,183.3443942,186.6298488
1863,65.29326603,61.21749788,55.06616628,102.395838,103.1432645,99.42481512,98.71766217,94.19757195,134.3566062,245.1258229,89.99178307,,141.6404853,145.8546657
1864,55.99224588,49.82360862,83.72356051,71.93760987,151.8014365,69.33683519,54.1770409,115.8312809,117.0414068,104.8461306,66.08010506,,134.1418511,113.435022
1865,56.46129256,55.92039587,104.3803137,71.26934386,86.09339772,75.93413553,69.25554098,83.14042896,132.0971822,100.3437761,69.36035465,,109.1681258,119.445933
1866,59.18809369,54.68441978,91.15155691,91.70781581,75.55745823,85.76998051,77.27178888,97.95697232,93.92941662,89.27851529,80.7797271,,107.857152,118.7900901
1867,60.81888822,52.91586885,70.21710563,104.9843448,128.8002541,91.28312413,58.59332801,159.7359863,77.02491334,83.73078894,84.63040446,,124.6588454,124.8417552
1868,60.47757274,51.0614745,94.14306928,117.4445695,129.4348645,87.808418,54.28791664,143.580054,72.00310122,75.4558071,85.92162554,,129.7248072,132.6690484
1869,67.48855485,60.57557834,115.2003681,112.5402771,109.9045417,79.93943982,75.29602234,97.06847722,68.07162148,78.71165949,91.86979561,,144.9881997,127.6926959
1870,73.54037267,63.25718497,107.813162,103.2411067,121.3739706,83.47826087,103.3932136,88.10217806,78.81756614,88.06728023,91.256917,203.4221599,151.4066496,128.8456471
1871,86.75595238,73.41101695,68.46614368,130.2364865,88.39328498,84.54391892,105.251996,118.1572376,66.68648434,108.7287105,95,221.7741935,167.1568627,131.7307692
1872,85.11904762,78.0720339,58.64471511,124.6621622,69.22917756,92.90540541,102.0958084,121.5237987,71.59135949,140.0927616,97.5,188.5080645,161.7647059,134.4551282
1873,93.56321839,84.44476914,62.87123779,166.0344828,67.1369892,91.03448276,106.0289765,116.0568535,65.75266172,172.8699975,96.96551724,178.8264739,154.1041244,136.3373121
1874,89.5315735,77.48096291,87.61369212,174.2753623,127.551727,99.63768116,125.9770314,113.2020466,69.92480771,187.2449002,96.52173913,230.7094437,153.246661,146.0888146
1875,100.1834945,92.06384606,112.7024829,160.9022556,126.5048116,85.80827068,115.900905,110.3820155,69.35591059,175.6701288,100.1503759,197.4290565,150.0073714,149.1734143
1876,96.99802924,95.60692321,105.6454747,131.8575553,91.22964198,95.28392685,106.3359326,113.8260929,80.70381938,184.241566,108.2579403,171.8525878,159.7614599,149.932134
1877,93.56321839,93.78976371,83.971802,124.729064,94.54140154,108.3743842,97.00480812,144.3082566,87.766538,197.8502711,116.6502463,152.6330844,188.6989278,149.3646583
1878,98.20751465,97.01856169,60.33558291,120.7859359,82.20873239,113.753878,91.5707365,115.0911559,95.96756377,169.4736734,116.3185109,160.2094939,165.0546465,150.0092806
1879,90.19057468,91.31158747,61.10020435,123.8883144,78.66648539,110.3412616,113.2452778,118.1594082,108.4412239,149.3423276,104.0744571,133.0553424,158.4524606,144.0246069
1880,95.82912883,91.88458841,75.5599737,133.8042381,80.66506909,101.0090817,122.143201,122.7266401,96.58458029,145.1010227,95.580222,132.4826666,164.2785066,128.9528836
1881,93.87343232,96.06116062,99.6387804,165.2875883,107.4973683,93.23915237,150.3427051,133.5282312,88.23095933,118.3707913,95.580222,145.7309332,170.7208009,122.7302129
1882,99.74052184,100.2377328,120.122723,127.346115,144.4110121,83.24924319,103.452832,136.1559065,87.33936383,103.7815809,104.5408678,190.7750399,164.2785066,120.4326115
1883,101.7949095,103.7232278,100.7911515,121.3182286,116.9129086,91.76107106,97.71928851,120.2242591,94.79442068,105.3837859,124.984552,213.6340985,161.0872155,121.7407378
1884,99.85979671,92.84784972,92.23808048,101.5772871,115.9245392,90.22082019,91.23204695,100.1954836,86.94188023,110.4202219,112.0504732,173.9493233,117.4821138,117.5173232
1885,91.49805845,82.89808686,72.84264769,119.527897,97.41371252,82.61802575,101.1110826,103.2523275,87.50663424,91.97429461,95.27896996,112.6955559,119.8771354,122.7632882
1886,85.00417711,93.79274457,73.26082547,116.4473684,86.2080882,80.81140351,94.42080751,96.36373713,92.66578617,107.7902345,77.89473684,126.6836446,101.504988,122.438709
1887,75.67400062,77.81168425,85.58889858,112.7982646,91.216905,72.77657267,94.2778218,94.15519289,88.27679062,193.6633772,70.62906725,113.9178504,100.4040662,108.8658991
1888,81.98016734,86.78995551,99.87801623,128.1995662,107.4715744,84.70715835,104.3223748,113.4559479,88.27679062,171.0637226,70.62906725,131.005528,110.7906937,113.0847099
1889,84.73734785,97.44242608,79.12335727,93.04932735,81.11079335,90.02242152,76.50170511,110.0577345,84.05294608,204.2809089,82.95964126,173.6800231,135.9887453,114.7608371
1890,83.50070187,92.29024943,71.56114304,140.8163265,94.16572431,91.0430839,114.7641225,116.4307396,80.64547658,213.7907745,90.6122449,169.6949748,110.3863768,114.5560788
1891,87.89547565,82.90480034,79.71560769,118.3673469,141.4566375,88.67346939,142.2117217,126.0534917,75.93585723,201.1598097,87.25623583,113.1299832,112.1959895,115.7392872
1892,83.50070187,82.90480034,92.44266933,105.6689342,111.0892217,97.27891156,98.92188412,103.2301306,74.21079807,190.4000989,80.54421769,101.2215639,115.815215,108.855166
1893,83.34698558,85.43772353,120.9446662,92.20183486,96.72984797,81.3646789,92.41700086,89.34533263,82.44903766,214.7661871,82.31651376,102.3823616,108.9067278,107.2203599
1894,85.98264246,90.98483925,96.95714939,104.7961631,109.931835,67.26618705,94.67970534,78.66006792,75.71243837,219.0452626,86.95443645,85.00812253,105.2569709,109.0911886
1895,88.0952381,98.30508475,85.63170933,80.58968059,102.2347099,75.67567568,81.23752495,85.97901028,73.76679999,205.5454177,83.63636364,96.77419355,94.11764706,112.2377622
1896,80.95238095,89.83050847,67.21717589,72.72727273,67.65333682,83.78378378,73.65269461,94.35018943,67.46567939,186.6636253,80,109.6774194,98.03921569,111.3053613
1897,86.7803838,94.37979594,72.98581412,85.32338308,67.58626605,94.40298507,86.08752644,122.8161847,71.84795405,95.4549031,80.99502488,91.44599583,87.34757585,110.4477612
1898,86.7803838,89.23180707,77.16598675,96.76616915,83.61785449,98.50746269,89.11877737,128.380221,96.85520081,76.97976056,84.67661692,94.71192425,93.30309238,107.7337671
1899,96.42264866,92.66379965,80.84453866,96.51741294,88.89923748,98.50746269,100.0312807,102.2777317,87.33384209,75.44016535,92.039801,111.0415664,97.27343674,104.075775
1900,100,100,100,100,100,100,100,100,100,100,100,100,100,100
1901,98.78640777,90.4146783,115.345979,110.1941748,129.3161242,88.79106793,108.4481522,100.4507857,92.90888017,77.70516402,93.59967423,92.41309114,79.93692538,94.48084519
1902,97.60191847,90.98483925,133.950775,108.6330935,152.9143491,84.85893381,97.40710426,102.8670524,92.37014303,68.63995422,97.60191847,107.0472654,63.11335867,98.9144137
1903,90.86820657,93.81047946,113.4733098,104.8065651,114.9948615,104.9157927,101.9040465,106.4803554,90.88573717,65.97914521,97.09803378,110.8194985,66.08935657,73.653054
1904,94.3221321,94.3221321,95.95777601,95.48088065,124.5363592,86.47679732,130.2812683,137.8376678,92.07736605,90.30598292,94.3221321,139.9618734,86.98722933,87.35851769
1905,95.10220903,95.42790152,98.73753973,92.37983587,125.3623988,98.43267977,114.8563366,135.8809605,91.44820145,96.10510683,93.75776927,123.1327762,94.07655733,85.82120197
1906,93.34862385,94.93080392,115.548792,95.87155963,112.9223127,113.1776737,108.9998901,104.516104,91.67723501,91.2761027,103.1510744,117.4385913,69.92849759,73.61611205
1907,87.21766202,90.86680682,106.9867234,145.9934138,123.1416891,116.2942293,129.4806655,115.2537583,106.3742231,71.07244697,106.6080964,126.8227046,70.40772137,68.96383652
1908,91.25560538,89.70890021,103.839987,126.9058296,163.0086842,123.2157061,132.6029555,126.0285928,75.50508274,70.11620369,91.25560538,108.9179806,82.54796747,65.22830771
1909,92.29024943,81.34055882,137.1017,126.7573696,160.7621689,98.06168306,132.2642696,157.4419926,65.36883882,88.70679794,97.13590526,122.0612976,82.17975389,72.15847609
1910,88.08054756,86.88418999,155.8913004,131.8132465,134.9930585,93.74621729,127.8983835,137.2817937,58.92473851,104.5013706,113.1846796,114.0415397,84.94703119,71.17928098
1911,87.77890185,82.39018017,116.1886471,179.1530945,136.4406846,122.6855539,142.1877201,123.0283791,62.07984127,144.669393,111.6378579,119.7436167,94.31517087,71.77588662
1912,86.30019606,86.59574468,129.4288174,108.2978723,156.7124202,138.6840111,109.41139,128.1198072,64.4364021,153.7460743,104.8346794,122.9100892,79.86167969,71.19501322
1913,83.3447099,89.10310734,138.2153179,109.375,138.3035708,106.3181971,100.5314371,113.9470948,70.15680605,112.6859244,110.0705341,123.0846774,58.42424299,70.56808317
1914,80.85038937,91.12312186,136.7234816,110.629515,153.3744997,99.2621787,136.150403,120.7273952,62.00349169,82.58191696,119.3902965,113.8120443,78.36251299,69.91265205
1915,171.9947299,106.4137925,115.9392767,106.7761807,159.2075305,100.0224898,139.454971,154.8833064,83.08030593,75.93068608,124.628017,110.5318938,97.74679788,67.30607575
1916,171.5459724,101.1520741,144.921242,151.1278195,165.8797862,84.50992771,171.0263683,149.1298545,64.66065074,86.83455903,163.7651386,118.4574339,118.1324998,61.61289265
1917,141.7250137,92.64147496,197.2997136,191.8876755,274.2233362,60.52768763,219.2526024,212.6365605,42.33204693,71.14169238,199.3736213,143.3747672,103.6535449,65.19884203
1918,162.1513944,99.86561448,187.8153228,126.2948207,226.3286692,58.67434191,160.7488874,169.8894236,41.5056116,64.13835063,154.5510575,113.3316198,80.97961473,64.93295448
1919,175.0399495,104.2990467,167.8098166,143.3526012,197.9327102,54.86682051,136.17851,167.8215028,52.09106875,102.1463933,148.5957978,142.6738766,84.12799663,54.25212807
1920,97.734565,69.68808812,108.9159748,84.73053892,152.7786386,55.72749368,118.3700463,146.8051367,32.88077981,59.29334559,89.79271391,61.58328504,171.519119,37.52496601
1921,84.43114001,59.01475997,71.82849946,53.51955307,69.38402686,71.42854199,75.70066571,95.40443144,21.11405048,39.79972316,55.84872709,55.74337719,49.81271535,36.47850495
1922,53.50892724,33.21575463,84.62069275,59.5110316,78.538716,84.32678091,60.74648556,93.54422282,26.57988443,60.92970541,63.00996585,84.55190721,48.02427181,54.56322602
1923,56.96279724,51.39539679,68.10710452,63.97188049,101.9310036,78.65435993,55.20534795,78.93992558,21.57324769,66.67047951,63.57173893,98.44851371,84.75579261,68.5660487
1924,57.02532782,64.33512896,77.13858828,86.78362573,119.2764572,85.38987082,89.78884337,98.45978808,21.53539989,97.48248697,68.48761413,89.06244105,64.25383535,69.97397111
1925,70.20670562,73.53807289,105.7913225,70.05134056,125.1851231,83.95397284,71.83009907,116.610638,26.2589374,114.9522034,75.74710273,64.40939955,36.7532128,67.83797746
1926,66.23628546,48.21733253,104.7676525,65.42372881,89.87689788,89.40642859,75.72989614,105.1862883,31.47914279,101.7308847,69.38548667,74.17532349,36.07598096,72.47608014
1927,60.93712238,51.42397897,88.26849637,79.33218192,105.66701,84.38772897,77.07509563,92.54269416,44.07421834,103.3310361,65.78271418,78.60790759,43.71518427,72.7470736
1928,76.22497305,63.9901887,85.84021831,66.31640397,121.2669441,77.41683914,77.39617088,107.8477282,36.20467983,133.3026652,67.53601713,75.11063405,36.60492834,64.90605703
1929,80.76603528,58.76412973,91.5299384,62.93053123,115.9470383,77.26867494,81.28494907,89.06243181,29.41927494,129.4077859,68.36767084,56.71619306,28.88076874,63.22897625
1930,74.86051787,53.96359644,85.39398824,48.50299401,104.4250417,62.44204928,43.19695937,67.94670113,23.79124758,77.27200708,55.59647151,55.03187174,21.18441634,60.54600695
1931,136.810095,99.27338804,59.5553888,43.07288247,72.26283872,38.41359428,36.37819568,51.45311018,16.54174835,56.52479766,44.99623753,27.5856226,20.96339012,49.7029461
1932,110.8415493,84.90573197,40.7633298,32.35724744,47.50252696,37.66281288,33.30381696,47.70554814,15.60660069,77.4779312,39.73868349,28.83389222,14.95047592,33.00985637
1933,109.1112586,101.771853,44.92555382,66.97530864,65.40788443,33.73919936,78.60482738,69.63457588,16.44954981,70.12167171,41.885063,56.7303863,21.52790332,52.32940698
1934,85.27427376,103.70364,55.36004598,102.4645258,103.1347204,42.48019432,87.36522474,83.72958119,18.81484895,82.20182836,57.59979952,64.71367655,25.56215926,68.48187115
1935,88.42349654,166.1927352,106.3627359,55.20757465,125.9328876,54.11551467,47.09764739,86.04992999,17.6434568,63.86042236,80.07398483,59.28623452,33.09954582,63.01092514
1936,90.19990249,188.8912384,110.2245291,112.8427128,128.3347093,52.62785512,95.18740297,94.99479142,23.77421906,67.5033632,80.35079652,70.09728623,35.90166286,64.28039909
1937,124.204512,201.0166946,111.5730226,75.48746518,152.6162834,53.85234408,77.61691102,98.6879608,28.34261838,75.88776299,85.52389374,60.34234882,35.25278614,71.59923284
1938,111.9938378,177.0539819,89.14266491,52.23562811,83.08109036,50.36070714,44.74117769,65.59291882,17.8801155,54.05825832,68.92830082,61.49866068,29.59939236,68.36525931
1939,108.6061374,147.2346485,73.29527329,58.31533477,76.53710965,49.43359588,51.35100569,64.21859482,16.74287231,52.68297514,71.9720817,64.27459997,31.26863656,60.28846065
1940,135.6405946,148.8849444,63.04904025,56.59301497,95.6145706,58.82622021,48.63829006,79.2350174,17.61461205,50.70151494,73.28472353,61.7616628,27.88175899,60.96664038
1941,150.695685,146.2664985,88.70187135,71.82620502,103.934035,62.64621844,59.78375903,80.80107919,25.00036239,76.13564849,94.04771708,83.78336947,33.00031275,74.31235756
1942,175.722691,136.9381346,99.2766703,77.54601227,110.0484175,62.18042915,60.10580067,90.31484287,26.45771019,81.40850537,104.2473092,98.26637641,44.64385939,87.52137326
1943,175.5217108,138.2221104,77.72953298,114.566474,129.3592442,61.22073431,92.22572197,102.5944912,24.92836278,76.70281141,70.98977538,107.764311,40.56766175,74.16433218
1944,169.5307167,138.804918,66.30646444,114.7727273,136.5479069,60.17719907,100.6237525,109.2529326,24.50344751,75.39537713,69.77972239,119.3548387,40.36667671,71.20149888
1945,165.9177095,131.0784626,68.03405985,112.2222222,138.906253,58.83992798,122.7589266,110.5096307,23.95892645,74.77437596,68.22906189,121.078853,46.97988015,69.61924335
1946,176.0162928,131.0307245,59.84792183,141.2487206,160.6005026,62.52470921,161.3109503,116.1363814,28.5148837,94.56912371,62.85174586,122.2867897,52.25654963,60.76455076
1947,148.7321293,108.7305663,54.45379062,154.8791406,201.3433098,87.55829272,165.8205523,138.6628503,75.69406169,114.7333367,113.7745567,118.7137205,61.79998614,73.63295148
1948,114.1028766,73.19752459,49.23833813,96.34551495,180.0567379,86.09023747,96.48642914,120.0722826,79.88221904,111.113814,129.2793384,114.4973743,50.52570572,72.65862754
1949,91.32390295,65.06169513,57.74350104,88.88888889,120.0265844,75.06467042,81.74845278,104.1037846,43.88085939,136.5302963,96.39607839,114.5005748,50.16973236,78.13577427
1950,62.41623485,33.78982794,52.33890426,98.8372093,134.5827479,62.69866843,88.38966585,106.4005876,64.58922327,209.55456,86.58063947,118.8591791,59.48442422,68.94115925
1951,57.63766825,36.5256865,44.23171307,96.99769053,148.9324793,61.3867043,95.05853574,108.5262496,66.20722997,206.4614008,126.9722357,105.1131143,62.77309289,80.18800881
1952,59.95796456,34.54264227,39.21676665,103.2015066,143.0298805,65.01820591,105.2569062,101.7955095,64.60171335,200.9690052,74.23321934,107.8014701,45.17580398,65.43950422
1953,66.88348059,45.36544795,53.01552313,87.47663551,127.5282971,72.12920845,78.35245397,88.8884515,67.19824891,216.0973767,65.13873175,108.9586976,36.66624955,77.72775692
1954,64.18286811,37.3750058,52.53268964,81.10119048,126.3845246,64.87828281,73.13795029,91.95022747,104.1878412,287.46804,66.4136815,119.1772273,34.88399896,111.7132687
1955,76.04141443,46.42892194,41.63761193,68.70799104,111.439415,58.35687328,64.31051266,90.99719783,67.84635882,208.422742,69.32154217,114.7196993,34.7990444,106.3562815
1956,129.4020146,85.70903347,38.36748468,72.84768212,114.3237612,55.62914877,69.34181673,95.21649912,48.66629875,212.5298467,78.80230725,108.2010017,36.82698961,101.3479621
1957,110.139368,79.57545789,50.50860289,63.01953819,96.01616901,53.58240913,62.33501026,91.11047479,52.66845445,198.3906528,77.11653344,97.01025612,52.72320356,89.76047654
1958,114.6998428,77.45674756,56.57204683,62.2406639,92.08095974,55.10260082,57.30447818,81.83791006,74.21978442,164.8933728,71.1054406,96.24325168,34.80970038,90.46590772
1959,259.8091265,125.5305577,41.16141608,58.98491084,89.134256,49.80954234,55.71846704,77.55977966,60.81560381,125.5804942,71.49731819,86.44630293,29.29513988,89.02397785
1960,270.7812035,172.2075237,47.39642636,56.71843349,82.64720878,46.28255691,48.38048414,77.22019048,46.45743324,122.7944132,68.46309541,88.64977892,30.49122367,88.60402632
1961,248.2001882,139.4299258,51.04670133,57.80561566,80.47043961,50.19820281,54.84618997,80.89519987,37.36680589,117.8808157,68.98468381,95.65939279,27.10425798,81.07681158
1962,256.9901485,130.8287849,49.69539521,62.54003877,79.58092507,55.50912043,50.84728098,79.7213585,35.35718062,108.3632597,64.57214575,95.45231648,27.80648949,81.9542861
1963,236.9752261,156.8379779,40.89501697,65.27588861,87.25820184,51.44480138,57.30667991,76.04834093,42.14201543,103.6357419,65.63009844,96.04517393,81.62938949,79.32043309
1964,295.0972287,171.4988317,39.98852295,67.54551065,85.89099426,48.84549714,54.45506023,63.92305556,38.07672978,128.1606187,69.73070848,94.77612716,55.53346651,76.14498845
1965,304.1963223,129.22187,53.30549255,64.30189969,87.56643419,47.47353449,50.29725087,58.12785821,27.04177948,124.8342932,78.02800794,94.84852202,19.11156525,80.7832053
1966,342.9748286,128.0292141,53.80261749,66.54312261,89.84948247,56.12271457,53.05716355,61.74191108,37.25515733,112.6827781,65.59745289,91.40977481,16.72910597,68.65494462
1967,339.4462743,133.0029921,45.94674129,65.51530267,82.052342,72.76086566,52.05039024,52.22240274,41.83618931,101.903924,60.45357515,89.62333398,17.17721867,63.80749141
1968,339.5822942,145.3166767,45.82399658,60.2771963,69.56155879,64.67254073,46.68823273,44.18036811,48.39476919,98.12027987,43.83883434,89.79050797,16.43718318,54.83659832
1969,363.1444063,144.8503358,57.34111798,58.1208182,71.39935076,55.50197699,44.7504228,43.55238114,57.19276067,94.16107445,44.63011334,88.07586407,26.25970109,50.47616159
1970,365.6845906,144.6966198,55.50604099,56.57163702,75.96919729,40.48637252,41.41356833,46.72360407,40.60104705,116.2673981,60.50024816,86.53533105,28.88417278,54.79220132
1971,361.7830924,133.3787606,44.29310771,58.40497558,71.66667548,35.37898018,36.0565465,45.52946977,31.02649482,96.43032393,58.20598814,88.15346271,33.3701888,53.52403358
1972,385.172843,173.0767609,62.50890127,59.88815682,66.88305382,39.39186161,37.30908553,51.04378863,35.95034703,104.4207117,46.91021884,90.35032952,52.24173306,47.64000511
1973,492.6341013,212.2234065,89.64361875,95.69769323,106.1680133,73.37143738,69.81492583,105.7651667,59.44338354,121.6914352,76.74953743,95.69868283,64.0085132,45.19828495
1974,349.2756333,195.7026145,69.86840011,109.7260032,142.4331733,120.7089288,82.67025649,109.4392368,73.9272361,115.8870273,122.5564298,95.28063143,181.0739026,56.51231418
1975,268.4151549,186.110848,88.81111858,91.31540884,112.7032912,74.17421848,71.21863257,74.79922278,54.0661784,105.4913328,72.86859645,95.59027944,114.289677,54.06894604
1976,302.360858,186.5175538,73.19390598,81.68170993,100.0363097,49.06940208,70.48004448,62.89733016,83.93590533,217.6461811,64.51579691,92.23064459,61.0480537,53.13726124
1977,270.6614502,190.2771252,65.8028507,65.8601668,77.88315309,49.42440401,55.22168005,49.43689061,146.0882367,335.8690379,79.02027712,90.97827996,40.27116755,82.18782268
1978,357.0211346,228.1424895,71.84028206,70.24589599,76.34017765,62.13105788,49.57457058,57.22132183,121.9029015,216.786169,83.17602114,84.95019339,36.03900066,55.08105602
1979,432.764676,221.55963,55.50048844,74.94769391,77.95318208,50.66109888,46.1207941,64.59328117,106.0047457,207.6452027,81.41349752,74.53715434,40.02835786,52.87122647
1980,364.8322413,237.0309366,47.69444524,79.15875188,79.67588523,57.88770137,52.06775088,60.26115503,73.83241708,165.7147615,64.02479301,80.00454229,104.5859429,51.33645046
1981,296.3238207,204.2457223,51.70809302,73.08805838,72.10863391,58.39048791,53.60443745,47.56905778,53.42873082,124.2436375,56.71028009,73.70298294,56.1188058,41.20917397
1982,269.6581817,167.0355643,71.46117214,55.03663613,52.57322637,33.43088239,40.40830257,38.77503819,42.01836802,126.0105139,41.67738831,45.70394968,26.24190736,40.76163028
1983,266.7610187,131.4778938,55.91774921,59.33149501,67.19791695,30.56406356,35.39868055,40.48171414,49.72352277,115.11723,45.49180014,51.65721736,25.57351251,53.66451053
1984,238.2449529,125.3876742,52.13047567,63.16005155,62.82137683,26.69732066,27.99137048,39.11513156,53.87439891,120.8680078,63.38684811,42.91476161,15.05458863,67.25221095
1985,218.0083619,116.2609375,50.02179368,45.56618668,49.39893094,22.21941458,30.65282075,34.29437355,48.94868381,118.2539367,42.03882727,33.472398,11.34217224,41.44043622
1986,207.8707708,133.2333448,53.9729957,36.17310927,37.02018253,19.63171962,22.08830514,30.69318203,44.11558483,154.2506865,21.18893101,48.31775947,16.6001163,38.59360098
1987,228.7139487,129.089739,49.87256866,40.3600845,30.15275395,20.75545504,23.31288128,30.06909297,41.01159805,86.84512289,27.25049384,35.58691143,17.88684426,37.04713955
1988,231.6981539,138.1960856,31.38325348,49.55996653,42.57045011,25.77145038,34.6100698,34.88008134,31.29302802,100.9968909,33.39248759,42.15878973,25.90604703,33.99775957
1989,225.6126477,126.9347229,24.68510541,50.51142308,41.68593565,26.58211651,26.99182281,36.42405119,23.38161167,75.82383628,25.53580461,35.1381684,31.02876589,37.50876806
1990,213.5618707,137.8401101,36.83331693,50.97551309,39.84066255,22.77252762,25.98109061,27.60665639,22.64119975,59.42843473,20.03246233,54.05267459,28.87630255,40.12300783
1991,212.9431409,116.0700243,31.28664924,47.91431048,37.4885371,23.70989314,26.24413435,26.97117626,20.49862257,54.17144261,22.49101568,48.43932802,19.7896799,31.32628259
1992,190.515273,128.1566811,19.27553489,46.74483477,34.84624961,20.97918777,27.5616977,29.00107443,18.30950388,39.63422025,25.34390567,30.35803891,19.40581944,29.1431961
1993,197.2590415,136.4380781,21.37788698,41.17588702,33.72299106,18.05470615,28.67206763,26.09137292,18.05796666,42.52372992,23.6223502,40.28337321,20.86039597,28.48328087
1994,171.415375,136.1410361,18.22414331,40.8631649,34.08037209,19.99380564,29.60071759,26.98661558,22.00591984,87.90006075,32.21920211,34.33811829,24.57441566,25.66292207
1995,136.2644543,116.625074,19.72817412,56.89160125,38.46351019,23.147459,30.91716829,33.83003455,21.95834515,86.11549634,37.2506631,31.82216305,26.20647669,24.89637023
1996,123.9039731,142.3963184,28.2228215,63.57725521,50.69707716,23.69342727,38.31470265,33.22091809,21.67314017,67.62809534,30.57664937,32.67873016,22.91545707,26.97466671
1997,125.8871727,143.3779362,21.73475822,50.50298152,35.23268678,20.72328147,37.96146026,24.22630236,23.56204359,102.2740655,30.73063221,32.82309513,21.30295867,32.71483706
1998,115.2864777,114.4233795,13.39960935,43.49689767,28.52502841,20.60473602,24.81980824,18.58730266,24.02693713,72.03431461,37.20277421,32.33046387,16.46338757,31.99341054
1999,120.4880479,106.2396007,12.76175129,37.99623916,24.37017672,16.4331447,22.13795698,15.12453347,15.92042651,54.14894805,23.64819348,26.70487641,11.30680043,28.13634745
2000,122.1826354,103.1187383,16.48445044,37.38788226,22.71141095,13.00765433,24.53165678,14.57596292,12.28875415,43.90475939,16.28040186,26.12073928,14.28730509,27.76651862
2001,130.9291214,111.4975403,16.60871679,44.21515303,22.53805281,10.72354877,26.23820682,15.60648692,14.09819379,30.53569451,14.57563498,25.07385767,14.66481629,22.99980983
2002,127.4062795,124.5244116,12.57791706,50.49174408,25.01785792,11.72543408,29.98427825,18.51230488,23.08759367,29.69902842,19.60190256,22.23723559,11.51222791,21.33637026
2003,117.1655816,143.1393371,13.89540936,47.4516528,25.64381198,11.92046675,25.87238566,18.31211683,22.23056692,30.29533734,21.76794337,28.2615963,11.58761006,21.0083881
2004,144.8425245,165.0987017,17.99815023,43.68250574,27.29313652,14.30779164,27.69558818,18.45752803,19.1677,36.98594511,22.54668382,27.46736772,11.40864603,22.74315705
2005,145.9163817,154.1181519,16.59408853,40.58152517,21.50000294,16.20531945,27.45354146,16.8025158,18.39926788,51.06340648,19.52910939,24.23165117,15.22142898,21.49513185
2006,137.5919434,135.7603044,15.16987683,48.21906577,24.05142734,16.55549037,26.75680385,19.52323567,18.44754368,49.27099446,21.44102342,23.95028941,22.04978156,23.66795518
2007,136.708896,134.7395737,14.70189027,69.30449407,33.79663963,17.62873187,39.25918781,27.13167884,21.99729508,51.73622625,34.00456009,32.43902524,14.61553757,25.02901875
2008,158.7151974,144.4189122,14.3770574,77.63517355,45.6631257,35.76266585,47.69355854,36.38041232,27.96421767,56.37039588,39.81061263,40.42496551,17.87566075,28.65390719
2009,133.8227596,135.1767923,12.44804553,49.85951183,35.5314687,30.20902527,37.33578801,24.12708597,31.45679078,58.2138679,28.7602671,28.82620933,25.43487992,32.36148775
2010,167.3663089,165.2699008,16.3462918,60.54763099,36.34175622,26.25089141,37.47819412,22.93143494,33.56580386,78.02552566,37.32973594,31.38151257,29.36061817,33.7200024
2011,195.6820114,199.9018226,18.95746208,76.78407384,56.19149841,26.97098898,56.05078631,32.30304952,30.95085646,104.6339868,45.20985659,49.43053999,34.75840285,33.09217533
2012,196.4715823,179.9151064,17.26645082,87.24094415,60.99773075,27.79116463,54.27865468,32.32941921,24.33900012,70.5194468,39.33167436,50.48001644,28.21606545,32.16940081
2013,190.3474175,164.4867984,17.78241249,72.32241965,55.4101712,24.48127049,55.77636783,30.63572898,24.44954284,51.98491983,33.22676595,31.50871977,22.83,31.3
2014,229.4920887,184.54,20.96,50.22,36.75,19.97,53.55846965,26.37,30.47,74.14,31.61,29.42,21.79,29.53
2015,203.6673656,149.6822626,13.74763609,68.49298613,32.904916,17.67001995,51.52193848,22.00942719,30.96712084,58.71566875,23.78955658,28.12178484,17.08719034,29.17459997